"Species","Tissue","Cell Type","Cancer","Cell Marker","Source","Supported Sources","Details"
"Human","Intestine","Cancer stem cell","Colorectal Cancer","CD166","Experiment","1","more details"
"Human","Intestine","Intestinal epithelial stem cell","Normal","PHLDA1","Experiment","1","more details"
"Human","Intestine","Intestinal stem cell","Normal","DCAMKL-1","Experiment","1","more details"
"Human","Intestine","Paneth cell","Normal","IL-9","Experiment","1","more details"
"Mouse","Intestine","Goblet cell","Normal","Keratin polypeptide 20","Experiment","1","more details"
"Mouse","Intestine","Intestinal epithelial stem cell","Normal","Lgr5","Experiment","1","more details"
"Mouse","Intestine","Intestinal stem cell","Normal","Lgr5","Experiment","1","more details"
"Mouse","Intestine","Intestinal stem cell","Normal","Musashi-1","Experiment","1","more details"
"Mouse","Intestine","Regulatory T (Treg) cell","Normal","CD25, Foxp3","Experiment","1","more details"
"Mouse","Small intestine","Dendritic cell","Normal","CD11c, CD74, CD83, CD86","Experiment","1","more details"
"Mouse","Small intestine","Enteroendocrine cell","Normal","Claudin-4","Experiment","1","more details"
"Mouse","Small intestine","Epithelial cell","Normal","Claudin-4","Experiment","1","more details"
"Mouse","Small intestine","IgA lamina propria lymphocyte","Normal","B220, CD138, IgA","Experiment","1","more details"
"Mouse","Small intestine","Intestinal stem cell","Normal","Bmi1, Lgr5","Experiment","1","more details"
"Mouse","Small intestine","Intestinal stem cell","Normal","Bmi1","Experiment","1","more details"
"Mouse","Small intestine","Intestinal stem cell","Normal","CD166, CD24, CD44, GRP78","Experiment","1","more details"
"Mouse","Small intestine","Quiescent small intestinal stem cell","Normal","Dclk1","Experiment","1","more details"
"Mouse","Small intestine","Small intestinal stem cell","Normal","Abcg2","Experiment","1","more details"
"Mouse","Small intestine","Small intestinal stem cell","Normal","Lgr5","Experiment","1","more details"
"Human","Intestine","Myeloid dendritic cell","Normal","CD11b, CD11c, CD197, CD1a, CD1b, CD1c, CD205, CD207, CD209, CD273, CD304, CD4, CD40, CD49d, CD80, CD83, CD86, F4/80, HLA-DR, MHC Class II","Company","1","more details"
"Human","Small intestine","Intestinal stem cell","Normal","ALK3, ASCL2, BMI1, CD166, CD24, DCLK1, EPHB2, LGR5, Musashi-1, SOX9, Telomerase Inhibitors","Company","1","more details"
"Mouse","Intestine","Intestinal stem cell","Normal","Bmi1, Bmpr1a, Dclk1, Eph, Lgr5, Musashi-1, OLFM4","Review","1","more details"
"Mouse","Intestine","Intestinal stem cell","Normal","Dclk1, Hesx1, Lgr5, Musashi-1, Side population","Review","1","more details"
"Human","Large intestine","DCLK1+ progenitor cell","Normal","ADAMTS1, ADAMTS2, ADAMTS4, ASPN, AZIN2, BASP1, BOC, C1QTNF3, C1QTNF6, C1R, C1S, C3, C7, CCDC80, CCL2, CERCAM, CLDN11, CLEC11A, COL14A1, COL16A1, COL1A1, COL1A2, COL3A1, COL5A1, COL5A2, COL6A6, COL8A1, COLEC12, CPXM1, CPZ, CSF1, CTHRC1, CYBRD1, DCN, DPT, FAM126A, FBLN1, FNDC1, FZD1, GBP1, GBP1P1, GFRA2, GPC6, GSTM5, HAPLN3, HTRA1, ICAM1, IFI6, IFIT2, IFIT3, ISLR, LAMA2, LINC01279, LOX, LPAR1, LRRC17, LUM, MAPK10, MATN2, MGP, MMP2, MRC2, MX1, MYC, NGFR, NNMT, OGN, OLFML1, PAMR1, PCOLCE, PDGFRL, PDPN, PHC1, PIEZO2, PLAGL1, PRICKLE1, QSER1, RCN3, RERG, SCN7A, SCUBE2, SERPINF1, SERPING1, SFRP1, SFRP2, SPARC, SPON1, SPON2, SPTLC3, SRPX, SVEP1, THBS2, TMEM59L, TNFAIP6, TPST1, TTYH2, VASN, VCAM1, VCAN, ZNF469","Single-cell sequencing","1","more details"
"Human","Large intestine","Enterocyte","Normal","ANPEP, AOC1, AQP8, C21orf62, CA7, CDHR5, CEACAM7, CLDN23, CNKSR1, CYP2W1, CYP3A5, DGAT1, DPEP1, EFNA2, EPS8L3, GPANK1, GSTA1, GUCA2A, GUCA2B, HTATIP2, IGF2BP2, KCNJ5, LAD1, LOC646214, LPAR5, LRRC57, LYPD8, MALL, MAMDC4, MCF2L2, MLXIPL, MOGAT2, MSLN, MUC20, MYO1A, NBEAL1, NOXA1, NR1H4, NR1I2, PARP12, PLS1, PRAP1, PRSS3, RARRES1, RNPC3, SI, SLC13A1, SLC15A1, SLC35D2, SLC41A2, SLC6A19, SMIM24, SPIB, STEAP1, TMEM45B, TONSL, ZNF264","Single-cell sequencing","1","more details"
"Human","Large intestine","Enteroendocrine cell","Normal","ADAMTSL3, ANKRD20A9P, FRAS1, MFSD11","Single-cell sequencing","1","more details"
"Human","Large intestine","Goblet cell","Normal","ANO7, ATP2C2, B3GNT6, BCAS1, CAPN8, CEACAM5, CEACAM6, CHGA, CLDN8, DHRS9, ENTPD8, ERN2, FAM110C, FER1L6, GALNT3, GPA33, HLA-F, IFI27, LGALS9C, MAP7, MLPH, MUC4, MUC5B, OSBPL7, PLCD1, PLEKHA6, PTPRN2, RASEF, SBNO1, SCNN1A, SLC17A5, SLC37A1, SORL1, SPDEF, STXBP5-AS1, SYT7, SYTL2, TSPAN1, UGT2B7, ZG16, ZMYND8","Single-cell sequencing","1","more details"
"Human","Large intestine","Goblet progenitor cell","Normal","ARL14, ATP6V1H, C16orf87, CHKB, CHST5, FOXA3, GALNT5, GPRIN2, ICA1, KIAA1324, NFX1, PURA, REG4, SLC39A7, SPINK4, TSPAN15, WFDC2, ZG16B","Single-cell sequencing","1","more details"
"Human","Large intestine","LGR5+ stem cell","Normal","ACAD10, ACVR1C, ADH1C, ARSE, ATP10B, C16orf89, C6orf136, CDCA7, CFTR, CHMP4C, CHP2, CLDN15, CLDN2, CPA6, DAPK2, DDC, EFNA3, EVPL, F2RL1, FOXD2-AS1, GATA6-AS1, GDF15, GJB1, GJB2, GOLT1A, GPX2, HNF1A, HSD17B2, ITPKC, LEFTY1, LGR5, LHFPL3-AS2, LIPG, LY6G6D, MGST1, MYOM3, NOX1, OLFM4, PCSK9, PDZD3, PKP2, PLAGL2, PLEKHH1, PPP1R1B, PTGDR, RGMB, RNF157, RNF186, SFN, SLC27A2, SLC38A4, SLPI, SOX9, SULT1B1, TAF4B, TMEM171, TSPAN8, URB1-AS1, ZBED9, ZNF296","Single-cell sequencing","1","more details"
"Human","Large intestine","MKI67+ progenitor cell","Normal","ACVRL1, ADGRF5, ANLN, APLNR, APOLD1, ARAP3, ARHGAP29, ARHGEF6, ASPM, AURKB, BGN, BIRC5, CALCRL, CASP10, CCNA2, CCNB1, CCNB2, CD248, CD34, CD93, CDC20, CDH5, CDK1, CDKN3, CENPF, CENPW, CLDN5, CLEC14A, CLEC3B, CXorf36, CYYR1, DLGAP5, EBF1, ECSCR, EGFL7, EMCN, ENG, ERG, ESAM, F2R, FABP4, FAM64A, FLT1, FOXC1, FZD4, GIMAP4, GIMAP6, GIMAP7, GNG11, HEG1, HIP1, HIST1H4C, HMCN1, HSPA12B, HYAL2, INPP5D, IQGAP3, JAG2, JAM2, KDR, KIF20B, KNSTRN, LDB2, LMCD1, LOC100288911, LRRC32, LRRC8C, MKI67, MMRN1, MMRN2, MXD3, MYCT1, NCAPD3, NDC80, NOS3, NRN1, NRP1, NUF2, NUSAP1, PALMD, PCAT19, PECAM1, PHF19, PLVAP, PODXL, PRC1, PTPRB, PTTG1, RAMP2, RAMP3, RGCC, RHOH, ROBO4, RRM2, SEC14L1, SERPINE2, SHE, SLCO2A1, SOX18, TACC3, TAL1, TFPI, TIE1, TK1, TM4SF1, TOP2A, TPX2, TRAIP, TROAP, TSPAN7, UBE2C, UBE2T, VWF","Single-cell sequencing","1","more details"
"Human","Large intestine","Paneth cell","Normal","ABCA1, ABCG1, ABI3, ACP5, ACTRT3, ADAP2, ADCY7, ADCY9, ADGRG5, AIF1, AOAH, APOBEC3A, ARHGDIB, ARL4C, ARRB2, ATF5, ATP11A, ATP1B3, ATP6V1B2, BCL2A1, BIRC3, BRE-AS1, BTK, C1QA, C1QB, C1QC, C2, C5AR1, CASP1, CCDC134, CCL3, CCL4, CCR1, CD14, CD163, CD163L1, CD180, CD209, CD300A, CD300E, CD33, CD37, CD4, CD40, CD48, CD53, CD68, CD74, CD83, CD84, CD86, CEBPB, CECR1, CFP, CH17-340M24.3, CHI3L1, CLEC10A, CLEC2B, CLEC4G, CLEC7A, CMKLR1, CNEP1R1, CORO7, COTL1, CPVL, CR1, CREG1, CSF1R, CSF2RB, CSF3R, CTSC, CTSL, CTSZ, CXCL10, CXCL16, CXCL2, CXCL3, CXCL8, CXCL9, CXCR4, CXorf40A, CYBB, CYTH4, DAB2, DNAJA4, DNASE1L3, DOCK2, DOK2, DUSP2, DUSP6, EBI3, EDEM1, EIF4A3, EVI2B, EYA2, F13A1, FAM110A, FAM168A, FAM175B, FAM26F, FAM49A, FAM65A, FCER1G, FCGR1A, FCGR2A, FCGR3A, FERMT3, FES, FGD2, FGL2, FLI1, FLJ32255, FMNL1, FPR1, FYB, GATM, GBP5, GFRA2, GGTA1P, GLA, GM2A, GMFG, GNL3, GNPDA1, GPR132, GPR137B, GPR34, GPR65, GPSM3, HAVCR2, HCAR2, HCAR3, HCK, HCLS1, HCST, HLA-DMA, HLA-DMB, HLA-DPA1, HLA-DPB1, HLA-DQA1, HLA-DQB1, HLA-DRA, HLA-DRB1, HMOX1, HPGDS, HSPA6, ICAM1, ICAM4, IFI30, IFNGR1, IGSF6, IKZF1, IL10, IL1A, IL1B, IL1R2, IL1RN, IL23A, IL4I1, INHBA, INPP5D, IPMK, IRF8, IRS2, ITGAM, ITGAX, ITGB2, ITGB2-AS1, JMY, KIAA0226L, KIAA0930, KLHDC7B, KYNU, LAPTM5, LAT2, LCP1, LCP2, LGMN, LILRB1, LILRB2, LILRB4, LILRB5, LINC00996, LIPA, LMO2, LOC100130357, LOC100130476, LOC729732, LPAR6, LPCAT1, LSP1, LST1, LY86, LYN, LYPD3, LYVE1, LYZ, MAF, MAFB, MANBA, MARCH1, MCOLN1, MERTK, METAP1D, METRNL, MFSD1, MMP9, MPEG1, MRC1, MS4A4A, MS4A6A, MS4A7, MTHFD2, NAIP, NAMPT, NCF1, NCF1B, NCF2, NCF4, NCKAP1L, NDST2, NFAM1, NFKBIE, NINJ1, NINJ2, NLRP3, NPL, NR4A2, NR4A3, NSMAF, NUFIP1, ODF3B, OGFRL1, OSM, PDE4B, PELI1, PFKFB3, PGD, PIK3AP1, PLA2G7, PLAU, PLAUR, PLCB2, PLCG2, PLEK, PLIN2, PLXNC1, PPIF, PRKCB, PRMT9, PTAFR, PTGS2, PTPRC, PTPRE, RAC2, RAP2B, RASGEF1B, RASSF5, RGS19, RHBDF2, RIC1, RILPL2, RIPK2, RNASE6, RNF144B, RSAD2, RUNX3, SAMSN1, SECTM1, SFMBT2, SGK1, SGPP1, SH2B3, SIGLEC1, SIGLEC11, SLA, SLAMF7, SLAMF8, SLC15A3, SLC1A4, SLC23A2, SLC25A37, SLC35F6, SLC37A2, SLC7A5, SLC8B1, SLC9A9, SLCO2B1, SLFN11, SNN, SNX10, SNX20, SOD2, SPI1, SPIC, SPPL2A, SRGN, ST3GAL5, STAB1, STK26, STX11, TBXAS1, TFEC, THBD, TLR2, TLR4, TMEM206, TNF, TNFAIP2, TNFAIP3, TNFRSF1B, TNFSF13B, TPP1, TRAF1, TSPAN33, TYROBP, UAP1L1, UCP2, UVRAG, VAV1, VPS9D1, WAS, WDFY2, WDFY4, WIPF1, ZNF267, ZNF331","Single-cell sequencing","1","more details"
"Human","Large intestine","PROM1High progenitor cell","Normal","ARMC9, CCBE1","Single-cell sequencing","1","more details"
"Human","Large intestine","PROM1Low progenitor cell","Normal","ALCAM, GJC1, MEIS3, PART1, PTGES3L, RAB9B, SGCA","Single-cell sequencing","1","more details"
"Human","Large intestine","Secretory progenitor cell","Normal","APOE, ARHGAP4, BCYRN1, C1orf174, FAN1, ITGAX, L3MBTL2, MBTPS1, MECOM, NCF1B, NRIP2, PJA1, PLXND1, PP7080, PWARSN, RPS18P9, SFXN1, STAB1, SYNE1, TYMP, WASH1, WASH3P, YARS","Single-cell sequencing","1","more details"
"Human","Small intestine","Enterocyte progenitor cell","Normal","AADAC, ABCC2, ABRACL, ACP5, ADH1C, AFP, AGT, ALDOB, ALPI, ANXA4, AOC1, APOA1, APOA4, APOB, APOC3, AQP1, ASAH1, ATP1B3, ATP2A1, BOP1, C11orf86, C17orf78, C8G, CA3, CAMKV, CASC2, CCL25, CD24, CDK5, CELP, CFB, CFI, CHCHD10, CHST13, CNKSR1, COMMD1, CTSA, CYP2J2, DAB1, DDC, DMBT1, DNAJC14, DOK7, DPEP1, DPP4, DRG2, DUS3L, EMB, ENPP4, ENPP7, ETNK2, FABP2, FAH, FAM110C, FBP1, FBXO2, FUK, G0S2, GCHFR, GCNT1, GJB1, GLRX, GOLT1A, GSTA1, GSTA2, HDDC3, HHLA2, IFI30, IL22RA1, IL32, KEL, KIAA1161, KIF26B, MAMDC4, MATN1-AS1, MEP1A, METTL7B, MFSD2A, MGST1, MS4A8, MST1, MUC13, MYO1A, NAGS, NPL, NR0B2, NR5A2, OCIAD2, OSGIN1, PCYOX1L, PEX14, PIGH, PLAGL2, PLEK2, PNCK, PNP, POF1B, PON2, PP7080, PRR15, PRR15L, PRSS3, RAB25, RARRES1, RBP2, RBP4, RGN, RNASE6, RNF128, RNF186, S100A9, S100G, SCARNA2, SEC11C, SERPINA4, SLC2A1, SLC34A3, SLC35A4, SLC35C2, SLC46A3, SLC51B, SLC5A9, SLC6A19, SLC7A7, SMIM1, SMIM24, ST20, STARD13-AS, STARD5, SULT1B1, TATDN1, TGM2, TM4SF20, TMEM144, TMEM86B, TREH, TSPAN13, TSPAN8, TTR, UGT3A1, VPS26B, VTN, XPNPEP2, ZDHHC12, ZNF586","Single-cell sequencing","1","more details"
"Human","Small intestine","Enteroendocrine cell","Normal","ACBD4, ACSM1, AKR1D1, AOX1, APCDD1, ARSI, ASB8, BEND4, C14orf37, C1QTNF3, C20orf197, C20orf78, CHMP1B2P, CPA1, CPZ, DPT, ELANE, FAM162B, FBXL7, GFRA2, HOXC11, HRAT56, ISLR, ITIH4-AS1, KCNAB1-AS1, LOX, LSAMP-AS1, MADCAM1, MEI4, METTL1, MSC, NANOS1, NTF3, P4HA2-AS1, PCDH8, PLSCR5, POMGNT2, PPP1R18, PRDM14, RASA1, RFX3-AS1, RGAG4, RHBDD1, RPL23AP82, SACS, SH3GL1P1, SHISA3, SLC36A4, TOE1, TRIM62, TRIQK, TRPC3, TTLL3, WHAMMP3, ZBBX, ZNF503-AS1, ZNF608","Single-cell sequencing","1","more details"
"Human","Small intestine","Goblet cell","Normal","ABCA4, ACSS2, ATAD5, BCAS1, C8orf44, CCDC160, CENPM, CFHR4, CLCA1, ERN2, ESR1, FAM193B, FAM3B, FCGBP, FLJ46066, FUT6, GRPEL2, GSN, GSTCD, HEPACAM2, KLK1, KRT19, LOC101929549, MAGEF1, MCM3AP-AS1, MSANTD2, MT1M, MUC2, MYO1F, NEURL1, PAX3, PLEKHG6, REG4, REP15, RNASE1, SPDEF, SPINK4, SRP72, ST6GALNAC1, STARD10, STXBP5-AS1, SYP, TFF1, TSPYL5, VAMP4, ZBTB24","Single-cell sequencing","1","more details"
"Human","Small intestine","LGR5+ stem cell","Normal","CLDN18, EPYC, FBLN2, TANC1","Single-cell sequencing","1","more details"
"Human","Small intestine","PROCR+ progenitor cell","Normal","CD248, CDH9, CUEDC2, FLRT2, GPC3, GPX7, IGFBP5, IL11RA, ITM2A, LHFP, LRRC17, MEOX2, MFAP4, MGP, PCOLCE, PI15, PLAC9, PRAF2, RAB23, RAMP2, RCN3, SFRP2","Single-cell sequencing","1","more details"
"Human","Small intestine","Secretory progenitor cell","Normal","ABCA7, ADAMTS16, AMER3, BANK1, BCAM, C10orf126, C12orf71, C7orf66, CACNB4, CC2D2A, CCDC146, CHD5, CHM, COL9A3, CSN2, EPHA10, EVC2, EZH1, FADS6, FOXD2, GABRB2, GAD2, GLIS3, GNAO1, H1FX-AS1, HCN1, HTR1D, KCNQ2, KCNT2, KIAA1524, KIF1A, LAMA1, LHX9, MX1, OGFRL1, OR4N3P, POU2AF1, PTPN13, RASAL2-AS1, SRPX2, SV2B, SYT16, TBC1D22A-AS1, TCEANC2, TMEM201, ZNF23, ZNF385B, ZNF662","Single-cell sequencing","1","more details"
"Human","Small intestine","Tuft progenitor cell","Normal","ARG2, CCL2, GSS, H1F0, HOXA5, IER3, NECAP1, TPM2, TUBA8, ZNF609","Single-cell sequencing","1","more details"
"Mouse","Small intestine","Brush cell (Tuft cell)","Normal","1110007C09Rik, 1810046K07Rik, 2210016L21Rik, Acot7, Adh1, Agt, Aldh2, Alox5, Alox5ap, Arpc5, Asah1, Atp2a3, Avil, Bcl2l14, Bmx, Bpgm, Bub3, Ccdc109b, Ccdc23, Ccdc28b, Cd24a, Cd47, Coprs, Csk, Dclk1, Ethe1, Fam221a, Ffar3, Fyb, Galk1, Gga2, Gimap1, Gnai2, Gng13, Gprc5c, Hck, Hmx2, Hpgds, Il13ra1, Ildr1, Inpp5b, Inpp5d, Inpp5j, Itpr2, Kctd12, Krt18, Krt23, Lect2, Lima1, Limd2, Lrmp, Ltc4s, Ly6g6d, Ly6g6f, Matk, Mlip, Mocs2, Myo1b, Ndufaf3, Nebl, Nt5c3, Pea15a, Pik3cg, Pik3r5, Pim3, Pla2g16, Pla2g4a, Plcg2, Pou2f3, Ppp3ca, Ptgs1, Ptpn18, Ptpn6, Pygl, Rac2, Rbm38, Reep5, Rgs13, Rgs2, Sec14l1, Sh2d7, Siglecf, Skap2, Smpx, Snrnp25, Spib, Tmem141, Tmem176a, Tmem176b, Tmem45b, Tmem9, Trpm5, Tspan6, Tuba1a, Vav1, Vdac3, Zfp428","Single-cell sequencing","1","more details"
"Mouse","Small intestine","Enterocyte","Normal","2200002D01Rik, Abcb1a, Ace, Acsl5, Adh6a, Aldh1a1, Aldob, Amn, Anpep, Anxa2, Aoc1, Apoa4, Apoc3, Arf6, Aspa, Ceacam20, Ckb, Ckmt1, Clec2h, Cndp2, Cox7a1, Creb3l3, Crip1, Cubn, Cyb5b, Cyb5r3, Cyp2c65, Cyp2c66, Cyp2d26, Cyp3a13, Cyp3a25, Dhcr24, Dhrs1, Dpep1, Enpep, Ephx2, Fabp1, Fabp6, Fam151a, Fgf15, Gda, Gpd1, Gsta1, Gsta4, Gstm3, Gstm6, H2-Q2, Hsd17b6, Khk, Krt20, Lct, Lpgat1, Maf, Mep1a, Mme, Ms4a10, Mttp, Muc3, Myh14, Myo15b, Naaladl1, Neu1, Nostrin, Nudt4, Ocm, Phgr1, Plb1, Plec, Pmp22, Ppap2a, Prap1, Prss30, Rbp2, Rdh7, Reg3a, Retsat, Scp2, Slc13a1, Slc2a2, Slc34a2, Slc51a, Slc51b, Slc5a1, Slc7a9, Sult1b1, Tmigd1, Treh, Ugdh, Vnn1, Xdh, Xpnpep1, Xpnpep2","Single-cell sequencing","1","more details"
"Mouse","Small intestine","Enteroendocrine cell","Normal","Anxa6, Aplp1, Bex2, Cacna2d1, Cck, Celf3, Chgb, Cnot6l, Cplx2, Fabp5, Fam183b, Fev, Gfra3, Gng4, Gpx3, Insm1, Isl1, Maged1, Neurod1, Neurog3, Ngfrap1, Nkx2-2, Olfm1, Pax6, Pcsk1, Pcsk1n, Prnp, Resp18, Riiad1, Rimbp2, Rph3al, Scg3, Scg5, Scgn, Slc39a2, Tac1, Tox3, Trp53i11, Vim, Vwa5b2","Single-cell sequencing","1","more details"
"Mouse","Small intestine","Goblet cell","Normal","Agr2, Arf4, Atoh1, AW112010, Bace2, Bcas1, C1galt1c1, Calr, Capn9, Ccl9, Clca1, Cmpk1, Cmtm7, Creb3l1, Creb3l4, Creld2, Dap, Ddost, Dnajc10, Ergic1, Ern2, Fcgbp, Fkbp11, Foxa3, Gale, Galnt12, Galnt7, Gcnt3, Guca2a, Guk1, Hgfac, Hpd, Kdelr2, Kdelr3, Klf4, Klk1, Krtcap2, Lrrc26, Manf, Muc2, Nans, Oit1, Ostc, Pdia3, Pdia5, Pdia6, Pla2g10, Qsox1, Ramp1, Rep15, S100a6, Scin, Sdf2l1, Sec61b, Sep15, Serp1, Sh3bgrl3, Slc12a8, Slc50a1, Smim14, Smim6, Spdef, Spink4, Ssr2, Ssr4, Stard3nl, Tff3, Tm9sf3, Tmed3, Tmed9, Tmsb10, Tnfaip8, Tpd52, Tpsg1, Tram1, Tspan13, Tsta3, Ttc39a, Txndc5, Uap1, Vimp, Wars, Xbp1, Zg16","Single-cell sequencing","1","more details"
"Mouse","Small intestine","Paneth cell","Normal","Ang4, AY761184, Defa-rs1, Defa17, Defa21, Defa22, Defa24, Defa26, Defa3, Gm14851, Gm15284, Gm15292, Lyz1, Mptx2","Single-cell sequencing","1","more details"